Field,deltaG
4499.94287,0.02281
4000.15234,0.02203
3500.0415,0.01865
2999.65723,0.0175
2499.85474,0.0158
1999.79126,0.01336
1500.06018,0.01013
999.81842,0.00654
500.40784,0.00262
-0.04749,0
-499.8855,0.00417
-999.97284,0.00694
-1499.82263,0.00784
-1999.5896,0.01142
-2499.68872,0.01497
-2999.7522,0.01693
-3499.68506,0.01815
-3999.79614,0.02093
-4499.70557,0.0227

